"","Title","mean","min","max","n"
"1","A/B Bosn 34/35",104317.218333333,84360.51,139278.87,12
"2","Able Bodied Seaman, Lituya 39",81187.43,81187.43,81187.43,1
"3","Able Seaman 37/36",92061.7667567568,55454.14,136369.66,37
"4","Absentee & Petition Assistant",67821.03,67821.03,67821.03,1
"5","Accountant",98433.1366666667,59848.8,148466.37,12
"6","Accountant 2",68264.0666666667,52817.52,89065.36,12
"7","Accountant 3",76231.3183606557,55265.18,96167.22,61
"8","Accountant 4",91432.1862264151,66015.48,131150.23,53
"9","Accountant 5",114009.571304348,90139.93,153324.02,23
"10","Accounting Clerk",61853.79,55755.51,67122.23,3
"11","Accounting Technician",62575.72,62575.72,62575.72,1
"12","Accounting Technician 1",57721.9510714286,50597.99,78219.12,28
"13","Accounting Technician 2",60539.5116326531,49865.81,94181,49
"14","Accounting Technician 3",66569.23625,49834.39,104265.67,88
"15","Accounting Technician 4",96739.05,88983.53,112124.05,3
"16","Adjudications Project Leader",98177.41,98177.41,98177.41,1
"17","Admin Clerk Iii, Elections",61029.4,51011.12,79646.68,3
"18","Admin Officer, Elections",86892.82,86892.82,86892.82,1
"19","Admin Support Specialist",62257.5866666667,53419.33,70174.51,3
"20","Administrative Assistant",62589.05,55199.79,69978.31,2
"21","Administrative Assistant 1",57566.2581481481,49808.97,77564.98,27
"22","Administrative Assistant 2",62021.2240594059,49709.81,124124.35,101
"23","Administrative Assistant 3",67829.4820689655,50103.64,134242.7,58
"24","Administrative Director",90539.05,90539.05,90539.05,1
"25","Administrative Fiscal Officer",135826.15,135826.15,135826.15,1
"26","Administrative Investigator 1 - Dps",88810.815,80453.15,97168.48,2
"27","Administrative Investigator 2 - Dps",104810.3,104810.3,104810.3,1
"28","Administrative Law Judge",153118.78,153118.78,153118.78,1
"29","Administrative Law Judge (Tax Qualified)",135356.86,133137.9,137575.82,2
"30","Administrative Law Judge 1",110944.9375,87267.67,137356.35,4
"31","Administrative Law Judge 2",149049.4,149049.4,149049.4,1
"32","Administrative Manager",93782.03,63031.12,111587.03,3
"33","Administrative Officer",91098.14,64024.9,143604.14,3
"34","Administrative Officer 1",71145.3988095238,50411.3,126760.39,84
"35","Administrative Officer 2",86722.6956862745,59242.09,117274.82,51
"36","Administrative Operations Manager 1",103469.742962963,59172.09,175611.43,27
"37","Administrative Operations Manager 2",117529.304545455,86657.74,146632.86,11
"38","Administrative Specialist",71777.4475,65731.5,78694,4
"39","Adult Probation Officer 1",65124.23875,50110.91,85668.22,8
"40","Adult Probation Officer 1, Alcohol Safety Action Program",58378.3,58378.3,58378.3,1
"41","Adult Probation Officer 2",74142.6125384615,49729.97,141161.61,130
"42","Adult Probation Officer 2, Alcohol Safety Action Program",65888.4808333333,54608.55,77279,12
"43","Adult Probation Officer 3",94257.0747169811,52204.51,182318.91,53
"44","Adult Probation Officer 4",99444.09125,81988.55,132108.61,8
"45","Adult Probation Officer 5",129753.35,103844.72,187307.73,6
"46","Adult Probation Officer 6",127121.9,125092.28,129151.52,2
"47","Agricultural Inspector",60590.52,60590.52,60590.52,1
"48","Agronomist 1",68883.4433333333,62275.73,73715.33,3
"49","Agronomist 2",80677.765,75183.05,86172.48,2
"50","Agronomist 3",96577.43,96577.43,96577.43,1
"51","Aircraft Maintenance Inspector",76303.73,69950.93,82656.53,2
"52","Aircraft Pilot",143830.755,107286.62,180374.89,2
"53","Aircraft Pilot 1",109093.872727273,53989.86,159600.38,11
"54","Aircraft Pilot 2",163493.426666667,148956.62,187701.59,3
"55","Airport Leasing Program Manager",106243.64,87049.18,125438.1,2
"56","Airport Leasing Specialist 2",73112.2416666667,55741.83,111217.19,6
"57","Airport Leasing Specialist 3",68798.7144444444,57684.38,87132.84,9
"58","Airport Leasing Specialist 4",95389.1625,94265.2,96525.11,4
"59","Airport Manager, Fairbanks (Fia)",146089.41,146089.41,146089.41,1
"60","Airport Operations Officer",89015.9154545455,50757.02,133782.6,11
"61","Airport Operations Specialist",89266.5557142857,55641.37,171821.45,7
"62","Airport Operations Superintendent",120616.42,97483.08,143749.76,2
"63","Airport Police & Fire Officer 1",62690.47,52004.02,73376.92,2
"64","Airport Police & Fire Officer 2",106541.028461538,72808.43,153968.9,52
"65","Airport Police & Fire Officer 3",155496.424285714,126003.33,198204.98,7
"66","Airport Police & Fire Officer 4",154004.44,121145.77,178897.02,9
"67","Airport Police & Fire Officer 5",135903.78,127359.6,144447.96,2
"68","Airport Police & Fire Officer 6",151077.295,130502.55,171652.04,2
"69","Ak Hidta Director",166029.09,166029.09,166029.09,1
"70","Alaska International Airport System Planner",78215.46,78215.46,78215.46,1
"71","Alaska Marine Highway System Dispatcher",76297.5333333333,64952.82,92678.94,3
"72","Alaska Military Youth Academy Chief Examiner",66795.89,66795.89,66795.89,1
"73","Alaska Military Youth Academy Coordinator",69314.2714285714,54946.87,83601.72,7
"74","Alaska Military Youth Academy Instructor",72939.6566666667,55061.62,93065.61,6
"75","Alaska Military Youth Academy Manager",123393.97,123393.97,123393.97,1
"76","Alaska Military Youth Academy Platoon Leader",67795.6366666667,51047.09,92645.65,3
"77","Alaska Military Youth Academy Supervisor 2",83841.97,65134.98,101165.77,3
"78","Alaska Military Youth Academy Team Leader",58552.895,49887.8,84353.8,14
"79","American Sign Language Interpreter",60570.26,60570.26,60570.26,1
"80","Amhs Dispatch Manager",121169.36,121169.36,121169.36,1
"81","Amhs Passenger Services Manager",100663.84,100663.84,100663.84,1
"82","Amhs Safety Management Coordinator",60645.02,60645.02,60645.02,1
"83","Analyst Programmer",81935.4,81935.4,81935.4,1
"84","Analyst Programmer 5",94789.3,94789.3,94789.3,1
"85","Analyst/Programmer 2",55631.7242857143,51133.41,61423.46,7
"86","Analyst/Programmer 3",69185.5665714286,53727.23,102410.8,35
"87","Analyst/Programmer 4",88894.9903333333,53509.86,124007.4,60
"88","Analyst/Programmer 5",109654.304,71925.77,158475.96,50
"89","Anchorage Office Manager",88641.81,88641.81,88641.81,1
"90","Aogcc Special Assistant",82687.04,82687.04,82687.04,1
"91","Appeals Clerk",69807.08,69807.08,69807.08,1
"92","Appeals Officer 2",94650.82,91128.72,98172.92,2
"93","Appeals Officer 3",86032.88,86032.88,86032.88,1
"94","Appraiser 2",82318.04,78247.72,86388.36,2
"95","Appraiser 3",94450.715,63576.95,125324.48,2
"96","Aquatic Facility Manager",77313.78,77313.78,77313.78,1
"97","Archaeologist 1",67479.05,65662.03,69296.07,2
"98","Archaeologist 2",72559.5066666667,65780.16,76381.04,3
"99","Archaeologist 3",98463.21,98463.21,98463.21,1
"100","Architectural Assistant",76983.56,76983.56,76983.56,1
"101","Archivist 1",80229.85,80229.85,80229.85,1
"102","Archivist 2",66207.96,58620,73795.92,2
"103","Archivist 3",103333.68,103333.68,103333.68,1
"104","Armb Liaison Officer",113443.16,113443.16,113443.16,1
"105","Asmi Technical Director",97914.76,97914.76,97914.76,1
"106","Assistant Cfo/Controller-Aidea",115163.7,115163.7,115163.7,1
"107","Assistant Chief, Vocational Rehabilitation Services",158847.06,158847.06,158847.06,1
"108","Assistant Commissioner",143772.02,143772.02,143772.02,1
"109","Assistant Controller",118404.92,118404.92,118404.92,1
"110","Assistant Director, Department Of Fish & Game",132155.405,122158.4,138007.45,4
"111","Assistant Director, Employment Security",115486.64,107121,127362.6,3
"112","Assistant Legislative Director",83196.07,83196.07,83196.07,1
"113","Assistant Manager, Airfield Maintenance",98956.82,98956.82,98956.82,1
"114","Assistant Project Manager",59466.07,59466.07,59466.07,1
"115","Assistant State Veterinarian",105264.5,105264.5,105264.5,1
"116","Associate Attorney 1",68591.2133333333,56078.5,89175.8,18
"117","Associate Attorney 2",79608.162,56195.92,100117.48,35
"118","Associate Director",115549.7,115549.7,115549.7,1
"119","Asst Dir Instruction & Housing",116917.225,103329.67,130504.78,2
"120","Asst Long Term Care Ombudsman",79933.65,71528.72,94250.18,3
"121","Asst Second Cook 69/95",65052.6225,53483.06,73692.06,4
"122","Attorney 1",61929.595,53494.18,76133.15,4
"123","Attorney 2",74385.2409677419,56331.92,119102.4,31
"124","Attorney 3",86786.8630882353,53988.79,137045.58,68
"125","Attorney 4",108793.404054054,50444.93,180214.34,148
"126","Attorney 5",136558.925818182,54051.74,210136.85,110
"127","Attorney 6",154262.627058824,115482.72,225768.75,34
"128","Audit & Review Analyst 2",92559.8473333333,73640.1,116952.88,15
"129","Audit & Review Analyst 3",114856.7625,111674.11,118365.03,4
"130","Audit & Review Analyst 4",166253.8,166253.8,166253.8,1
"131","Audit Master",168981.9,168981.9,168981.9,1
"132","Autopsy Technician",60486.72,60486.72,60486.72,1
"133","Autopsy Technician Supervisor",104503.87,104503.87,104503.87,1
"134","Aviation Program Manager",149617.04,127447.13,171786.95,2
"135","Avtec Instructor",85586.5627272727,59673,129735.83,22
"136","Biometrician 1",54000.46,54000.46,54000.46,1
"137","Biometrician 2",81258.1988888889,69931.79,101928.36,9
"138","Biometrician 3",112218.363333333,88897.56,141074.88,6
"139","Biometrician 4",108850.56,108850.56,108850.56,1
"140","Boards And Regulations Advisor",149675.91,149675.91,149675.91,1
"141","Boat Officer 1",73817.4025,56789.45,97697.73,4
"142","Boat Officer 2",99489.105,88101.92,110876.29,2
"143","Boat Officer 3",112080.733333333,67864.41,166427.8,9
"144","Boat Officer 4",137976.884,103089.15,171796.49,5
"145","Boiler & Pressure Vessel Inspector 1",86483.59,80671.16,95570.2,3
"146","Boiler & Pressure Vessel Inspector 2",100158.76,100158.76,100158.76,1
"147","Budget Analyst 1",57712.62,57712.62,57712.62,1
"148","Budget Analyst 2",85431.1025,56636.21,104089.75,8
"149","Budget Analyst 3",94991.6415384615,81488.74,123026.52,13
"150","Budget Analyst Iv",113053.186666667,101451.49,121663.79,3
"151","Budget Controller",107687.34,107687.34,107687.34,1
"152","Budget System And Reporting Analyst",146318.3,146318.3,146318.3,1
"153","Building Maintenance Manager",105081.163333333,91415.36,121989.03,3
"154","Building Maintenance Superintendent",94213.305,83245.48,108429.52,6
"155","Building Management Specialist",83656.9184615385,64208.06,117874.01,13
"156","Building Plans Examiner 1",71444.2,62118.68,86667.26,5
"157","Building Plans Examiner 2",105496.96,105496.96,105496.96,1
"158","Business Analyst 2",109465.575714286,91494.55,124576.95,7
"159","Business Analytics & Intelligence Analst 3",84850.23,75271.98,94428.48,2
"160","Business Lead/Analyst 3",81754.51,81754.51,81754.51,1
"161","Business Manager",114292.26,114292.26,114292.26,1
"162","Business Registration Examiner",53153.865,50665.35,55642.38,2
"163","Business Service Project Manager 1",65942.79,65942.79,65942.79,1
"164","Business Service Project Manager 2",95152.17,81453.76,108850.58,2
"165","Business System Analyst",87432.93,87432.93,87432.93,1
"166","Cancer Registrar 1",50220.96,50220.96,50220.96,1
"167","Captain, Department Of Public Safety",234405.487777778,201652.31,310455.89,9
"168","Cashier/Gift Shop Oper 72/73",67475.11,60635.76,74314.46,2
"169","Chair, Wkrs Comp Appeals Comm",125930.7,125930.7,125930.7,1
"170","Change Management Director",108373.14,108373.14,108373.14,1
"171","Chaplain",79692.01,79692.01,79692.01,1
"172","Chemist 2",52570.7275,49756.23,56097.11,4
"173","Chemist 3",69674.9366666667,63000.28,81980.26,3
"174","Chemist 4",91618.4225,72850.7,113905.53,4
"175","Chemist 5",130096.84,113146.38,147047.3,2
"176","Chf Cook 66/63",82814.3128571429,74763.38,109816.45,7
"177","Chf Engineer 10/11",155232.7785,117660.49,183589.96,20
"178","Chf Mate 04/03",138990.993333333,115520,179266.8,15
"179","Chf Purser 25/26",103703.681,87243.11,152681.68,10
"180","Chf Steward 61/62",113261.222222222,86018.69,209583.43,9
"181","Chief Administrative Law Judge",119344.88,119344.88,119344.88,1
"182","Chief Budget Analyst",129873.9,129873.9,129873.9,1
"183","Chief Communications Officer",136385.97,136385.97,136385.97,1
"184","Chief Contracts Officer",119594.4,119594.4,119594.4,1
"185","Chief Curator",110690.26,110690.26,110690.26,1
"186","Chief Engineering Geologist",135247.29,135247.29,135247.29,1
"187","Chief Executive Officer",213297.005,200295.11,226298.9,2
"188","Chief Financial Officer",176745.518,64951.78,330410.32,5
"189","Chief Financial Officer, R&B",190432.22,190432.22,190432.22,1
"190","Chief Geologist",150298.79,150298.79,150298.79,1
"191","Chief Infrastructure Dev Ofc",171940.3,171940.3,171940.3,1
"192","Chief Investment Officer",297358.415,195363.73,399353.1,2
"193","Chief Medical Officer/Director",287333.95,287333.95,287333.95,1
"194","Chief Of Staff",151474.08,151474.08,151474.08,1
"195","Chief Of Staff For Lt Gov",160495.73,160495.73,160495.73,1
"196","Chief Operating Officer",169423.74,162110.1,176644.07,3
"197","Chief Procurement Officer",191246.3,191246.3,191246.3,1
"198","Chief Public Records Officer",108120.69,108120.69,108120.69,1
"199","Chief Risk Officer (Flsa Exempt)",145974.06,145974.06,145974.06,1
"200","Chief Technology Officer 2",134214.6,134214.6,134214.6,1
"201","Chief Technology Officer 3",161522.065,152629.63,170414.5,2
"202","Chief, Criminal Records & Identification Bureau",127418.72,127418.72,127418.72,1
"203","Chief, Disability Determination Services",86398.43,86398.43,86398.43,1
"204","Chief, Environmental Health Laboratories",151385.12,151385.12,151385.12,1
"205","Chief, Health Analytics And Vital Records",144002.04,144002.04,144002.04,1
"206","Chief, Labor Research & Analysis",144513.32,144513.32,144513.32,1
"207","Chief, Office Of History & Archaeology",148760.92,148760.92,148760.92,1
"208","Chief, Revenue Economic Research",198113.24,198113.24,198113.24,1
"209","Chief, Vocational Rehabilitation Services",116666.88,116666.88,116666.88,1
"210","Chief, Weights, Measures & Permits",100318.225,97710.14,102926.31,2
"211","Child Support Specialist 1",62829.0718181818,50054.83,87356.64,33
"212","Child Support Specialist 2",68546.4025,50054.49,106434.66,24
"213","Child Support Specialist 3",85432.8416666667,73473.79,98324.03,6
"214","Circuit Rider Technician",93185.275,68575.69,117794.86,2
"215","Civil Rights Programs & Compliance Specialist 1",56116.234,50014.14,62917.41,5
"216","Civil Rights Programs & Compliance Specialist 2",74417.98,74417.98,74417.98,1
"217","Civil Rights Programs & Compliance Specialist 3",79781.04,79781.04,79781.04,1
"218","Claims Administrator",69977.08,65122.89,74831.27,2
"219","Clinical Laboratory Evaluation Specialist",116602.2,116602.2,116602.2,1
"220","Comm Fish Permit Clerk 4",53060.64,53060.64,53060.64,1
"221","Commercial Analyst",128036.494285714,57024.08,163129.04,7
"222","Commercial Finance Director",165760.83,165760.83,165760.83,1
"223","Commercial Manager",152961.58,152961.58,152961.58,1
"224","Commercial Vehicle Compliance Inspector 2",59970.7344444444,51241.64,87143.85,9
"225","Commercial Vehicle Compliance Inspector 3",63854.3533333333,59574.97,71706.91,3
"226","Commercial Vehicle Compliance Inspector 4",69843.4575,61638.25,84597.23,4
"227","Commercial Vehicle Compliance Inspector 5",81575.56,81575.56,81575.56,1
"228","Commission Assistant",63869.92,63869.92,63869.92,1
"229","Commission Section Mgr",100352.93,100352.93,100352.93,1
"230","Commissioner",147074.978461538,131241.53,171798.35,13
"231","Commissioner, Cfec",135939.69,135939.69,135939.69,1
"232","Commissioner, Oil And Gas Comm",142654.51,142654.51,142654.51,1
"233","Commissioner, Rca",131647.86,67652.99,171841.17,5
"234","Communication Director",98281.81,98281.81,98281.81,1
"235","Communications & Community Outreach",145951.31,145951.31,145951.31,1
"236","Communications Common Carrier Specialist 2",92714.43,92714.43,92714.43,1
"237","Communications Common Carrier Specialist 3",118696.07,118696.07,118696.07,1
"238","Communications Common Carrier Specialist 4",120784.21,120784.21,120784.21,1
"239","Communications Director",132704.655,108716.92,156692.39,2
"240","Communications Engineering Associate 2",111503.7,84986.56,122112.06,5
"241","Community Care Licensing Specialist 1",65958.5575,51641.92,76323.17,12
"242","Community Care Licensing Specialist 2",91871.4225,78281.67,103152.96,4
"243","Community Care Licensing Specialist 3",98574.595,89034.18,108115.01,2
"244","Community Mental Health Svcs Program Administrator",117609.97,117609.97,117609.97,1
"245","Community Outreach Manager",86214.88,86214.88,86214.88,1
"246","Compliance Officer",74799.95,74799.95,74799.95,1
"247","Constituent Relations Assistant 2",51308.78,51308.78,51308.78,1
"248","Constituent Relations Asst",51886.07,51886.07,51886.07,1
"249","Consumer Protection & Information Officer (Rca) 1",70447.81,70447.81,70447.81,1
"250","Consumer Protection & Information Officer (Rca) 2",92133.21,92133.21,92133.21,1
"251","Consumer Service Specialist (Insurance)",73622.72,65387.52,90093.12,3
"252","Contact Tracer 2",64056.78,62875.83,65191.81,3
"253","Contact Tracer 3",62030.62,59220.5,63791.27,3
"254","Contracting Officer",85824.5,85824.5,85824.5,1
"255","Contracting Officer 2",54640.85,54640.85,54640.85,1
"256","Contracting Officer 3",77418.405,67879.15,88094.36,8
"257","Contracting Officer 4",108628.862,98038.98,117930.62,5
"258","Corporal, Department Of Public Safety",152715.152857143,85596.3,217900.57,7
"259","Corporate Income Tax Auditor 2",71375.96,65523.27,77228.65,2
"260","Corporate Income Tax Auditor 3",102286.506666667,102090.16,102637.62,3
"261","Corporate Income Tax Auditor 4",121394.276666667,105588.24,133313.25,3
"262","Correctional Industries Production Manager 1",66476.79,66476.79,66476.79,1
"263","Correctional Officer 1",64143.774084507,51277.22,100320.66,71
"264","Correctional Officer 2",98463.6951483421,52632.69,200855.9,573
"265","Correctional Officer 3",131685.581538462,77019.35,297633.81,52
"266","Correctional Officer 4",134137.00062069,75197.51,334916.89,145
"267","Correctional Superintendent 1",123185.158,84917.78,163114.4,15
"268","Correctional Superintendent 2",153520.123,107654.23,229615.96,10
"269","Correctional Superintendent 3",163739.086666667,124269.29,195062.6,3
"270","Correctional Supervisor",115632.68,70516.37,168454.7,17
"271","Corrections Nurse 1",80506.5614285714,62740.47,116535.91,7
"272","Corrections Nurse 2",125395.37325,50112.76,202330.79,80
"273","Corrections Nurse 3",153667.515833333,109429.06,227852.45,12
"274","Corrections Nurse 4",142009.41,142009.41,142009.41,1
"275","Court Services Officer",91751.2715384615,50453.11,139893.86,52
"276","Covid Health Associate",91059.7066666667,76980.7,99903.71,3
"277","Criminal Intelligence Analyst 1",60136.06,60136.06,60136.06,1
"278","Criminal Intelligence Analyst 2",62230.9175,56253.45,66528.15,4
"279","Criminal Intelligence Analyst 3",103070.555,86151.79,119989.32,2
"280","Criminal Justice Planner",92363.8166666667,61485.49,113342.96,9
"281","Criminal Justice Specialist",66375.6154545454,52585.88,101489.86,11
"282","Criminal Justice Technician 1",58666.651875,50722.8,73252.4,16
"283","Criminal Justice Technician 2",64693.2729411765,50009.54,113157.29,51
"284","Cultural Resources Manager And Native Liaison",94493.64,94493.64,94493.64,1
"285","Customer Service Spec 3",69735.145,67001.06,72469.23,2
"286","Cyber And Infrastructure Security Director",143305.12,143305.12,143305.12,1
"287","Data Communications Specialist 1",69632.794,60393.32,86310.37,5
"288","Data Communications Specialist 2",107674.492857143,80425.49,179413.8,7
"289","Data Processing Manager",130286.45,130286.45,130286.45,1
"290","Data Processing Manager 1",105126.682380952,68204.57,136257.6,21
"291","Data Processing Manager 2",116199.590666667,55079.92,142802.66,15
"292","Data Processing Manager 3",130622.172666667,110691.39,155040.33,15
"293","Data Processing Production Manager",121895.915,115284.52,128507.31,2
"294","Data Processing Technician 2",81104.68875,55840.02,109977.01,8
"295","Data Systems Specialist",85353.89,85353.89,85353.89,1
"296","Database Specialist 1",66014.34,66014.34,66014.34,1
"297","Database Specialist 2",111546.23,72411.93,147270.47,4
"298","Database Specialist 3",111771.57,106477.52,117065.62,2
"299","Deck/Engine Utility, Lituya 58",77609.66,77609.66,77609.66,1
"300","Deck/Steward Utility, Lituya 83",87966.37,82964.36,92968.38,2
"301","Demographer",90171.12,90171.12,90171.12,1
"302","Dental Assistant",51793.58,51793.58,51793.58,1
"303","Dental Hygienist",104980.995,80148.25,129813.74,2
"304","Dep Dir Ak Mh Lands Trust Off",135576.4,135576.4,135576.4,1
"305","Department Communications Manager",85771.86,72733.68,107322.37,3
"306","Department Of Labor Safety Liaison",99305.19,99305.19,99305.19,1
"307","Department Technology Officer 2",122492.594444444,65091.2,150948.45,9
"308","Department Technology Officer 3",134271.3125,113563.4,165649.58,4
"309","Deputy Attorney General",165363.43,156251.47,174475.39,2
"310","Deputy Chief Administrative Law Judge",138293.8,138293.8,138293.8,1
"311","Deputy Chief Information Officer",190743.09,190743.09,190743.09,1
"312","Deputy Chief Of Staff",139589.21,139589.21,139589.21,1
"313","Deputy Commissioner",156085.827647059,110864.4,224949.24,17
"314","Deputy Communications Director",143439.09,143439.09,143439.09,1
"315","Deputy Director",118286.976666667,97040.95,146702.51,9
"316","Deputy Director Of Boards And Commissions",69107.63,69107.63,69107.63,1
"317","Deputy Director, Insurance",128087.36,128087.36,128087.36,1
"318","Deputy Fire Marshal 2",119065.306,104957.66,127320.3,5
"319","Deputy Fire Marshal 3",97092.36,97092.36,97092.36,1
"320","Deputy Legislative Director",87701.9,87701.9,87701.9,1
"321","Deputy Long Term Care Ombudsma",80746.04,80746.04,80746.04,1
"322","Deputy Press Secretary",83896.7,83896.7,83896.7,1
"323","Developement Operations Engineer",90484.55,90484.55,90484.55,1
"324","Development Advisor",138936.9,138936.9,138936.9,1
"325","Development Specialist 1 (Option B)",79109.97,79109.97,79109.97,1
"326","Development Specialist 1(Option A)",51174.18,51174.18,51174.18,1
"327","Development Specialist 2 (Option A)",86296,70484.31,102107.69,2
"328","Dietitian 1",74960.78,74960.78,74960.78,1
"329","Dietitian 2",96881.07,94787.61,98974.53,2
"330","Digital Marketing Coordinator/Manager",79655.55,79655.55,79655.55,1
"331","Digital Media Specialist",73541.67,73541.67,73541.67,1
"332","Director",137611.126666667,90093.3,195509.84,6
"333","Director Of Appeals & Policy Implementation",104514.35,104514.35,104514.35,1
"334","Director Of Communications-Pfc",263100.9,263100.9,263100.9,1
"335","Director Of Correspondence And Constituent Relations",110743.7,110743.7,110743.7,1
"336","Director Of Omb",189242.53,189242.53,189242.53,1
"337","Director Of Programs And Contacts",105318.08,105318.08,105318.08,1
"338","Director Of Scheduling",127425.85,127425.85,127425.85,1
"339","Director, Aeee Program",116642.57,116642.57,116642.57,1
"340","Director, Owned Assets",161863.52,161863.52,161863.52,1
"341","Director, Tax Division",182477.7,182477.7,182477.7,1
"342","Director/Iss",108513.3,108513.3,108513.3,1
"343","Disability Adjudicator 1",78592.12,64131.76,96301.31,5
"344","Disability Adjudicator 2",101956.056666667,89402.26,113281.4,3
"345","Disability Adjudicator Associate 1",57857.72,51280.16,64435.28,2
"346","Disability Adjudicator Associate 2",69004.48,57957.45,86452.92,3
"347","Disability Hearing Officer",83173,83173,83173,1
"348","Disease Intervention Specialist 1",72852.7866666667,66713.85,83588.98,3
"349","Disease Intervention Specialist 2",79431.02,79431.02,79431.02,1
"350","Division Director",127824.894375,75136,167476.24,16
"351","Division Director - Px",140638.539833333,68949.47,248632.85,60
"352","Division Operations Manager",129273.247727273,82275.99,170630.59,44
"353","Division Operations Manager, Elections",133284.63,133284.63,133284.63,1
"354","Dmv Program Manager",95841.58,95841.58,95841.58,1
"355","Domestic Marketing Coordinator",73368.66,73368.66,73368.66,1
"356","Domestic Marketing Director",122306.36,122306.36,122306.36,1
"357","Domestic Marketing Manager",59112.35,59112.35,59112.35,1
"358","Drafting Technician 3",62896.8028571429,56493.3,70038.42,7
"359","Driller, Journey",102961.7625,85356.17,139504.05,4
"360","Driller, Sub-Journey",91982.62,91982.62,91982.62,1
"361","Drug Intelligence Officer",72507.68,72507.68,72507.68,1
"362","Economist 2",72866.1866666667,62876.03,87202.9,3
"363","Economist 3",96154.2983333333,66373.58,122592,6
"364","Economist 4",116850.7,92649.97,141051.43,2
"365","Education Administrator 1",104688.096666667,92256.97,115485.02,3
"366","Education Administrator 2",127159.13,98018.95,142690.01,3
"367","Education Associate 2",63456.4677777778,54018.78,82166.38,9
"368","Education Associate 3",81157.9433333333,51157.69,98226.99,12
"369","Education Coordinator (Corrections)",71987.2172727273,53431.22,88773.81,11
"370","Education Program Assistant",61877.165,51719.72,77126.96,6
"371","Education Specialist 1",83185.925,73489,92882.85,2
"372","Education Specialist 2",92740.7966666667,75708.74,119290.78,15
"373","Eh Biological Analysis Manager",113677.68,113677.68,113677.68,1
"374","Elec Admin Asst 1",59901.92,59901.92,59901.92,1
"375","Election Clerk 2",52594.11,52594.11,52594.11,1
"376","Election Clerk 3",49811.19,49811.19,49811.19,1
"377","Election Official",97483.87,52721.9,142245.84,2
"378","Election Supervisor",99432.1825,80533.52,118377.41,4
"379","Election Translator",53237.5,50925,55550,2
"380","Elections Administrative Assistant",63833.95,63833.95,63833.95,1
"381","Elections Analyst",86291.14,86291.14,86291.14,1
"382","Elections Database/Systems Administrator",51585.3,51585.3,51585.3,1
"383","Elections Lang Manager",77401,77401,77401,1
"384","Elections Program Manager",92509.45,92509.45,92509.45,1
"385","Elections Securtiy Officer",98075.8,98075.8,98075.8,1
"386","Electrical Engineer",148713.9,148713.9,148713.9,1
"387","Eligibility Office Manager 1",64389.76,64389.76,64389.76,1
"388","Eligibility Office Manager 2",80585.5,67590.72,92114.02,8
"389","Eligibility Quality Control Technician 1",65841.012,54182.4,81656.92,10
"390","Eligibility Quality Control Technician 2",97936.615,91854.96,104018.27,2
"391","Eligibility Technician 1",59277.2266666667,49989.66,77161.79,9
"392","Eligibility Technician 2",65482.8681,49689.23,142364.42,100
"393","Eligibility Technician 3",76997.0252173913,51034.47,141547.26,46
"394","Eligibility Technician 4",70818.484,56472.17,99945.5,25
"395","Emergency Dispatch Supervisor",113590.326666667,69850.19,178702.57,3
"396","Emergency Management Specialist 2",68564.3411764706,53848.53,101727.67,17
"397","Emergency Management Specialist 3",81231.2716666667,54703.78,136794.89,12
"398","Emergency Medical Services Officer 1",96625,72196.55,116215.94,3
"399","Emergency Medical Services Officer 2",113762.14,113762.14,113762.14,1
"400","Emergency Program Manager 1",98840.57,84606.41,108368.57,4
"401","Emergency Program Manager 2",112363.265,108940.56,115785.97,2
"402","Emergency Services Dispatcher 1",88720.6381818182,72893.93,111812.72,11
"403","Emergency Services Dispatcher 2",128360.183333333,93010.19,175458.23,6
"404","Employment Security Analyst 1",58171.3133333333,50999.28,71599.26,3
"405","Employment Security Analyst 2",73759.8866666667,58380.65,90815.89,9
"406","Employment Security Analyst 3",82045.0207142857,63927.8,103608.63,14
"407","Employment Services Manager 1",76263.9214285714,54729.37,92168.95,7
"408","Employment Services Manager 2",78761.97,72049.02,85474.92,2
"409","Employment Services Manager 3",84567.8875,52430.93,98873.92,4
"410","Employment Services Technician 1",60484.83125,50353,65802.45,8
"411","Employment Services Technician 2",64531.889375,50314.08,97045.47,32
"412","Employment Services Technician 3",67536.1,50416.28,90088.65,14
"413","Employment/Unemployment Insurance Technical Manager",115804.025,101778.84,133215.74,4
"414","Engineer 1, Dec",105998.66375,81466.75,145319.47,8
"415","Engineer 2, Dec",113920.682222222,80328.44,139401.07,9
"416","Engineer/Architect 1",95455.8508823529,71093.32,131446.7,34
"417","Engineer/Architect 2",111851.613181818,86231.15,144369.15,22
"418","Engineer/Architect 3",136773.45755102,97970.85,171033.65,49
"419","Engineer/Architect 4",163302.218214286,130159.42,186540.44,28
"420","Engineer/Architect 5",173979.488333333,156718.49,208232.44,6
"421","Engineering Assistant 1",68433.85,55277.63,97993.58,14
"422","Engineering Assistant 1, Dec",56041.58,52077.39,60005.77,2
"423","Engineering Assistant 2",107816.086915888,60531.97,210861.9,107
"424","Engineering Assistant 2, Dec",62716.1166666667,52752.42,70334.15,6
"425","Engineering Assistant 3",120117.261908397,59100.56,250276.17,131
"426","Engineering Associate",150087.47862069,78569.24,304185.84,29
"427","Engineering Associate 1 Dec",90935.9971428571,73138.73,118668,14
"428","Engineering Associate 2, Dec",113789.821428571,76364.71,137408.99,7
"429","Engineering Geologist 2",86587.7366666667,60525.99,105292.28,3
"430","Engineering Geologist 3",95947.71,95947.71,95947.71,1
"431","Engineering Technician, Journey",85438.0291891892,49895.39,139281.91,37
"432","Engineering Technician, Sub-Journey 2",60623.8891666667,51659.83,87157.4,12
"433","Engineering Technician, Sub-Journey 3",72004.659,50231.04,102953.59,20
"434","Environmental Health Officer 2",56261.21,56102.9,56419.52,2
"435","Environmental Health Officer 3",72504.187,60108.69,109571.34,10
"436","Environmental Health Officer 4",91767.285,72886.71,107150.59,4
"437","Environmental Health Technician",56689.865,53894.13,59485.6,2
"438","Environmental Impact Analysis Manager 1",94576.16,54834.59,124016.82,10
"439","Environmental Impact Analysis Manager 2",121809.09,121809.09,121809.09,1
"440","Environmental Impact Analyst 1",57905.52,57905.52,57905.52,1
"441","Environmental Impact Analyst 2",56576.76,53319.13,60844.23,3
"442","Environmental Impact Analyst 3",77770.6075,60419.67,103783.1,24
"443","Environmental Program Manager 1",101717.273636364,69031.41,139121.04,33
"444","Environmental Program Manager 2",116378.977142857,79729.54,133828.61,14
"445","Environmental Program Manager 3",133026.61625,104454.77,168474.16,8
"446","Environmental Program Specialist 2",58352.88375,49664.55,82133.69,16
"447","Environmental Program Specialist 3",73827.7896842105,54671.78,109191.7,95
"448","Environmental Program Specialist 4",91246.3378947368,59962.29,131521.1,38
"449","Environmental Program Technician",61139.41,55150.39,66312.05,5
"450","Environmental Services, Foreman",55034.14,50093.09,62450.75,3
"451","Environmental Services, Journey 2",55141.1866666667,50302.24,61240.94,18
"452","Epidemiologist",132890.875,126827,138954.75,2
"453","Epidemiologist/Chief",276517.15,276517.15,276517.15,1
"454","Epidemiology Specialist 1",74587.97,54453.37,94722.57,2
"455","Epidemiology Specialist 2",80195.6775,63881.32,103725.47,12
"456","Equipment Fleet District Manager",99269.87,92469.6,104565.93,5
"457","Equipment Operations Analyst",77142.22,70714.86,89901.02,3
"458","Equipment Operator Foreman 1",109957.487857143,67785.05,170006.97,28
"459","Equipment Operator Foreman 2",131923.581666667,121299.37,146766.31,6
"460","Equipment Operator, Journey 1",67722.6505882353,50057.54,83032.01,17
"461","Equipment Operator, Journey 2",80467.3322641509,50161.33,155583.2,212
"462","Equipment Operator, Lead / Journey 3",91143.9394680851,52067.72,147096.85,94
"463","Equipment Operator, Sub-Journey 1",52637.1,52637.1,52637.1,1
"464","Equipment Operator, Sub-Journey 2",62690.925,56380.61,69271.77,6
"465","Evaluation & Planning Officer",108898.98,108898.98,108898.98,1
"466","Exec Dir Ak Mh Lands Trust Off",193169.97,193169.97,193169.97,1
"467","Executive Administrator, Board Of Nursing",116384.7,116384.7,116384.7,1
"468","Executive Administrator, Board Of Pharmacy",66019.27,66019.27,66019.27,1
"469","Executive Administrator, Board Of Public Accountancy",110032.74,110032.74,110032.74,1
"470","Executive Administrator, Real Estate Commission",86069.43,86069.43,86069.43,1
"471","Executive Administrator, State Board Of Reg Arch, Eng & Ls",70057.89,70057.89,70057.89,1
"472","Executive Administrator, State Medical Board",95194.55,95194.55,95194.55,1
"473","Executive Assistant",78203.3566666667,70549.8,88333.99,3
"474","Executive Assistant/Board Liaison",74534.22,74534.22,74534.22,1
"475","Executive Director",131189.768571429,65711.08,213125.98,7
"476","Executive Director Cdvsa",146022.43,146022.43,146022.43,1
"477","Executive Director I, Boards Of Fish & Game",71582.42,71582.42,71582.42,1
"478","Executive Director Ii, Boards Of Fish & Game",123309.3,123309.3,123309.3,1
"479","Executive Director Sac",90035.92,90035.92,90035.92,1
"480","Executive Director, Ak Board Of Parole",114938.93,114938.93,114938.93,1
"481","Executive Director, Ak Commission On Aging",97204.89,97204.89,97204.89,1
"482","Executive Director, Ak State Council On The Arts",97792.7,97792.7,97792.7,1
"483","Executive Director, Alaska Police Standards Council",124131.9,124131.9,124131.9,1
"484","Executive Director, Dhss Boards",89985.9,89985.9,89985.9,1
"485","Executive Director, Pfc",217321.78,217321.78,217321.78,1
"486","Executive Director, Public Offices Commission",107065.15,107065.15,107065.15,1
"487","Executive Office Assistant",55924.41,51175.73,60673.09,2
"488","Executive Residence Mgr",88546.38,88546.38,88546.38,1
"489","Executive Secretary 2",60707.965,53756.93,67659,2
"490","Executive Secretary 3",64939.0442857143,54116.24,74263.05,7
"491","Executive Secretary 4",65375.87,65375.87,65375.87,1
"492","Executive Secretary, Prof Teaching Practices Commission",101879.05,101879.05,101879.05,1
"493","Exhibit Specialist",78751.33,78751.33,78751.33,1
"494","Extended Jurisdiction Program Manager",135996.675,133912.49,138080.86,2
"495","Facilities & Osha Adminstrator",82173.9,82173.9,82173.9,1
"496","Facilities Manager 1",97505.9433333333,76557.76,109357.2,3
"497","Facilities Manager 2",91579.8,81626.75,101532.85,2
"498","Family Nutrition Programs Manager",95809.89,95809.89,95809.89,1
"499","Ferry Terminal Agent 1",60193.635,51104.37,76034.09,16
"500","Ferry Terminal Agent 2",70827.815,62567.45,79088.18,2
"501","Ferry Terminal Manager 1",72026.5688888889,62193.03,79010.65,9
"502","Ferry Terminal Manager 2",75222.7125,68660.11,84233.33,4
"503","Field Auditor 1",60950.0928571429,52600.69,73997.19,7
"504","Fin Sys Analyst",71886.02,71886.02,71886.02,1
"505","Finance Analyst 2",73536.82,73536.82,73536.82,1
"506","Finance Officer",115752.9,115752.9,115752.9,1
"507","Financial Examiner 1",58414.2766666667,51513.83,68345.81,3
"508","Financial Examiner 2",68691.22,63413.12,73969.32,2
"509","Financial Examiner 3",87924.2928571428,67363.92,105341.04,7
"510","Financial Examiner 4",111623.225,106209.58,117036.87,2
"511","Financial Registration Examiner",54895.195,50438.58,60645.24,4
"512","Fine Arts Administrator",75616.66,64750.9,86482.42,2
"513","Fingerprint Technician 3",71548.25,71548.25,71548.25,1
"514","Fire Management Officer",131111.572,104171.8,153402.1,5
"515","Fire Training Administrator",94663.14,94663.14,94663.14,1
"516","Fire Training Specialist",93920.39,81572.85,106267.93,2
"517","First Asst Engineer 15/16",147666.446666667,114773.34,168638.87,12
"518","Fiscal Management Analyst",159604.3,159604.3,159604.3,1
"519","Fish & Game Coordinator",121777.324411765,79175.31,168018.11,34
"520","Fish & Game Program Technician",66079.7493333333,50884.68,86438.12,15
"521","Fish & Game Regulatory Program Assistant",57813.7133333333,51511.86,65923.84,3
"522","Fish & Wildlife Technician 2",55609.955,51076.81,60143.1,2
"523","Fish & Wildlife Technician 3",60868.1,52340.95,89635.14,6
"524","Fish & Wildlife Technician 4",57333.315,50297.51,65232.84,12
"525","Fish & Wildlife Technician 5",74917.3666666667,69541.34,85379.51,3
"526","Fish Culturist 1",55014.03,49710.84,59863.2,3
"527","Fish Culturist 2",74005.315,59760.32,99891.42,6
"528","Fish Culturist 3",90115.215,85110,95120.43,2
"529","Fish Pathologist",102336.73,102336.73,102336.73,1
"530","Fisheries Geneticist 1",69359.18,63498.88,80645.22,3
"531","Fisheries Geneticist 2",83994.3433333333,70662.6,91317.52,3
"532","Fisheries Geneticist 3",111616.96,111616.96,111616.96,1
"533","Fisheries Scientist 1",128386.06,59025.64,193775.64,9
"534","Fisheries Scientist 2",143511.8,97347.21,175576.43,3
"535","Fishery Analyst",79788.43,79788.43,79788.43,1
"536","Fishery Biologist 1",65007.1492307692,50786.35,92517.41,26
"537","Fishery Biologist 2",79114.2847435897,50904.24,128636.52,78
"538","Fishery Biologist 3",98650.294,62538.65,176252.68,85
"539","Fishery Biologist 4",111471.6755,69092.23,147711.78,20
"540","Food Service Supervisor",91344.1414285714,58546.75,178249.33,7
"541","Food Service, Foreman",87266.6742857143,70135.5,109499.88,7
"542","Food Service, Journey",61300.5866666667,55459.7,66894.54,3
"543","Food Service, Lead",65378.36375,50834.44,86930.46,24
"544","Forensic Accountant",115591,115591,115591,1
"545","Forensic Auditor & Analyst 2",137702.95,137702.95,137702.95,1
"546","Forensic Psychiatrist",323273.5,323273.5,323273.5,1
"547","Forensic Science Laboratory Administrator 1",112460.58,109230.07,115691.09,2
"548","Forensic Science Laboratory Administrator 2",113405.47,113405.47,113405.47,1
"549","Forensic Scientist 1 - Dna",51741.69,51245.99,52237.39,2
"550","Forensic Scientist 2 - Dna",60787.5675,59543.77,63669.42,4
"551","Forensic Scientist 2 - Physical",66021.04,66021.04,66021.04,1
"552","Forensic Scientist 3 - Chemistry",82786.81,67332.57,104079.71,4
"553","Forensic Scientist 3 - Dna",79772.948,64462.95,101417.72,5
"554","Forensic Scientist 3 - Physical",86280.65,65958.19,96583,5
"555","Forensic Scientist 4 - Chemistry",82929.73,82929.73,82929.73,1
"556","Forensic Scientist 4 - Dna",111576.475,98669.04,124483.91,2
"557","Forensic Scientist 4 - Physical",119791.99,119791.99,119791.99,1
"558","Forensic Scientist I - Chemistry",57933.21,57933.21,57933.21,1
"559","Forensic Scientist, Dna Technical Manager",112429.32,112429.32,112429.32,1
"560","Forensic Technician 2",97102.13,97102.13,97102.13,1
"561","Forester 1",61612.22,53388.16,69836.28,2
"562","Forester 2",74413.8925,57857.27,122770.21,8
"563","Forester 3",81106.48,64754.78,97486.04,7
"564","Forester 4",115040.973636364,83289.2,160101.92,11
"565","Forester 5",119311.14,119311.14,119311.14,1
"566","General Counsel",263100.89,263100.89,263100.89,1
"567","Geological Scientist 1",124928.795,113677.75,136179.84,2
"568","Geologist 1",53256.18,50146.2,55472.06,4
"569","Geologist 2",64022.8228571429,53043.07,78271.26,7
"570","Geologist 3",83697.06,69805.14,106644.84,5
"571","Geologist 4",97938.0981818182,64711.96,111497.31,11
"572","Geologist 5",105702.533333333,71262.19,138560.61,9
"573","Gis Analyst 2",65753.1236363636,58298.75,75137.06,11
"574","Gis Analyst 3",82838.5946666667,61283.71,114475.93,15
"575","Gis Analyst 4",120780.55,101846.42,139714.68,2
"576","Governor",145002,145002,145002,1
"577","Grants Accountability Manager",107025.63,107025.63,107025.63,1
"578","Grants Administrator 1",52687.99,51429.89,53946.09,2
"579","Grants Administrator 2",75866.6642307692,49903.15,120511.8,26
"580","Grants Administrator 3",79049.63375,59808.13,107123.65,16
"581","Grants Administrator Manager",108007.68,108007.68,108007.68,1
"582","Grants And Procurement Manager",100504.33,92973.01,108035.65,2
"583","Grants Coordinator",73819.36,73819.36,73819.36,1
"584","Habitat Biologist 1",74573.005,50966.1,98179.91,2
"585","Habitat Biologist 2",65259.4533333333,54660.78,80378.86,9
"586","Habitat Biologist 3",77930.1163157895,61207.54,99480.89,19
"587","Habitat Biologist 4",92318.4916666667,76861.74,111097.06,6
"588","Head Bedroom Steward 76/96",114446.25,114446.25,114446.25,1
"589","Health & Social Services Planner 2",68870.282,56270.89,84271.46,5
"590","Health & Social Services Planner 3",76129.26,76129.26,76129.26,1
"591","Health Care Policy Administrator",103509.83,103509.83,103509.83,1
"592","Health Operations Manager",104958.6,104958.6,104958.6,1
"593","Health Program Associate",57301.7909090909,51553.69,78932.93,33
"594","Health Program Manager 1",70480.4692307692,58141.41,85155.7,13
"595","Health Program Manager 2",81941.9810204082,61662.24,129198.03,49
"596","Health Program Manager 3",98387.7375,50757.19,135430.65,24
"597","Health Program Manager 4",118759.44,99660.43,143408.53,4
"598","Hearing Examiner 1",113539.9325,91055.7,131227.43,4
"599","Hearing Examiner 2",127658.4,127658.4,127658.4,1
"600","Hearing Officer",73443.2,73443.2,73443.2,1
"601","Historian 2",66721.4,63390.43,73254.9,3
"602","Historian 3",73179.44,73179.44,73179.44,1
"603","Human Resource And Administrative Director",97688.4,97688.4,97688.4,1
"604","Human Resource Consultant 1",63258.2342105263,52446.4,88715.67,19
"605","Human Resource Consultant 2",77144.0073684211,52184.18,102252.69,19
"606","Human Resource Consultant 3",89571.0428571429,62464.93,117428.63,7
"607","Human Resource Consultant 4",91461.8016666667,68464.58,113733.84,12
"608","Human Resource Consultant 5",108953.5775,82254.41,136716.63,8
"609","Human Resource Consultant 6",138639.135,124497.56,152780.71,2
"610","Human Resource Technician 1",58716.7,50510.08,65343.07,4
"611","Human Resource Technician 2",62016.4613888889,49772.18,107989.61,36
"612","Human Resource Technician 3",70034.9275,54931.45,86206.43,8
"613","Human Resources Coordinator-Human Resource Specialist",61109.47,61109.47,61109.47,1
"614","Human Rights Field Representative 3",72356.8925,64543.57,79853.56,4
"615","Human Rights Field Representative 4",108310.9,108310.9,108310.9,1
"616","Hydrologist 2",74064.232,64767.79,94721.27,5
"617","Hydrologist 3",98414.81,98414.81,98414.81,1
"618","Hydrologist 4",96989.08,96989.08,96989.08,1
"619","Income And Excise Tax Specialist",153748.18,153748.18,153748.18,1
"620","Industrial Hygienist",84482.9025,68293.48,114358.46,4
"621","Information Officer 1",67565.49,67565.49,67565.49,1
"622","Information Officer 2",75774.664,52271.98,95684.76,5
"623","Information Officer 3",86365.425,54669.75,129139.53,6
"624","Information System Coordinator",71086.24,64734.24,83168.25,4
"625","Information Technology Spec",99789.2333333333,59973.6,132333,3
"626","Infrastructure Development Senior Finance Officer",127839.16,127839.16,127839.16,1
"627","Infrastructure Investment Coordinator",145839,145839,145839,1
"628","Insurance Financial Examiner 1",76863.75,76863.75,76863.75,1
"629","Insurance Financial Examiner 2",81638.29,81638.29,81638.29,1
"630","Insurance Financial Examiner 3",111687.86,111687.86,111687.86,1
"631","Insurance Specialist 1",56251.94,51610.11,60893.77,2
"632","Insurance Specialist 2",85850.4066666667,70000.84,115551.95,3
"633","Insurance Specialist 3",85034.225,69947.54,113418.36,4
"634","International Airport Foreman",112358.935,104079.55,120638.32,2
"635","International Airports Controller",101957.44,101957.44,101957.44,1
"636","International Grants & Marketing Coordinator",85186.76,85186.76,85186.76,1
"637","International Prog Coordinator",62916.26,62916.26,62916.26,1
"638","Internet Specialist (Acpe)",98571.7,98571.7,98571.7,1
"639","Internet Specialist 1",66836.645,53921.67,79751.62,2
"640","Internet Specialist 2",81090.41,71095.8,92746.17,7
"641","Investigator 1",59784.87,59784.87,59784.87,1
"642","Investigator 2",65982.8144,50276.55,97566.97,25
"643","Investigator 3",80727.0201754386,59233.32,162156.8,57
"644","Investigator 4",101365.898571429,84608,118426.5,7
"645","Investigator 5",97537.48,76015.04,119059.92,2
"646","Investment Associate",112824.041428571,75111.5,143341.95,7
"647","Investment Officer",232438.819411765,51875,364695.93,17
"648","Investment Officer Project Finance",122344.55,122344.55,122344.55,1
"649","It Analyst/Network Support",74055.03,74055.03,74055.03,1
"650","It Data Processing Svcs Leader",138390.9,138390.9,138390.9,1
"651","It Manager",100597.2,100597.2,100597.2,1
"652","Junior Asst Purser 29",72527.4666666667,67036.64,81337.44,3
"653","Junior Engineer 53/32",95759.01,65270.26,135387.64,7
"654","Labor Relations Analyst 2",90735.35,90735.35,90735.35,1
"655","Labor Relations Manager",151414.48,151414.48,151414.48,1
"656","Laboratory Quality Systems Manager",105473.57,105473.57,105473.57,1
"657","Laboratory Technician",53257.4225,49720.74,55015.71,4
"658","Lan Administrator",106363.54,106363.54,106363.54,1
"659","Land Survey Manager 1",121809.29,106076.04,141751.52,4
"660","Land Survey Manager 2",129829.51,129829.51,129829.51,1
"661","Land Survey Specialist 1",83056.265,69533.95,96578.58,2
"662","Land Survey Specialist 2",78160.8225,62899.14,95105.97,4
"663","Land Surveyor 1",99540.7171428571,81797.3,118671.41,7
"664","Land Surveyor 2",111117.497,77977.68,144404.21,10
"665","Large Project Coordinator",109611.228333333,97025.98,120284.56,6
"666","Law Office Assistant 1",58176.01,51421.39,61097.77,4
"667","Law Office Assistant 2",59400.22,51135.76,69658.48,15
"668","Law Office Assistant 3",59446.9865217391,50228.59,85288.86,23
"669","Law Office Manager",63648.692,56581.48,71575.01,5
"670","Librarian 1",59263.87,53891.28,64636.46,2
"671","Librarian 2",99255.05,99255.05,99255.05,1
"672","Librarian 3",87031.1933333333,60008.7,113464.45,3
"673","Librarian 4",89022.84,89022.84,89022.84,1
"674","Library Assistant 1",55720.97,54095.45,57346.49,2
"675","Library Assistant 2",64616.75,61208.57,68024.93,2
"676","Licensed Practical Nurse",97705.078,72458.63,128374.28,10
"677","Licensing Project Leader",95528.89,95528.89,95528.89,1
"678","Lieutenant Governor",83304.21,83304.21,83304.21,1
"679","Lieutenant, Department Of Public Safety",214638.480454545,171135.61,361282.29,22
"680","Loan Officer 2",99698.23,55008.56,144387.9,2
"681","Loan Services Supervisor",72642.485,64305.67,80979.3,2
"682","Loan Specialist",60244.98,60244.98,60244.98,1
"683","Loan/Collection Officer 2",75214.2116666667,65020.07,90114.71,6
"684","Loan/Collection Officer 3",91855.54,73470.71,106687.39,3
"685","Local Government Specialist 2",74253.1333333333,55402.54,86353.1,3
"686","Local Government Specialist 3",87189.425,57046.75,130324.53,8
"687","Local Government Specialist 4",82352.44,77697.28,94990.58,5
"688","Local Government Specialist 5",102583.73,102583.73,102583.73,1
"689","Long-Term Care Ombudsman",111271.2,111271.2,111271.2,1
"690","Lt Governor Scheduler",60357.26,60357.26,60357.26,1
"691","Mail Services Courier",59890.75,59890.75,59890.75,1
"692","Mail Services Lead Courier",62675.6,62675.6,62675.6,1
"693","Mail Services Manager",58579.86,58579.86,58579.86,1
"694","Maintenance & Operations Coordinator",84804.9,84804.9,84804.9,1
"695","Maintenance And Operations Manager",136927.5,110259.3,163595.7,2
"696","Maintenance And Operations Specialist",81341.5733333333,73869.23,94097.82,3
"697","Maintenance And Operations Superintendent",127760.513846154,92737.44,160030.53,13
"698","Maintenance Generalist, Foreman",77189.565,71866.83,82512.3,2
"699","Maintenance Generalist, Journey",64623.9519402985,49894.66,91747.48,67
"700","Maintenance Generalist, Lead",67669.124,56161.95,81930.91,10
"701","Maintenance Generalist, Sub-Journey 1",55331.55,50226.51,65213.85,4
"702","Maintenance Generalist, Sub-Journey 2",54179.055,51167.46,57190.65,2
"703","Maintenance Specialist, Bldg/Facility/Const, Foreman",99000.720952381,61715,130576.33,21
"704","Maintenance Specialist, Bldg/Facility/Const, Journey 1",75168.188,54824.44,125969.75,40
"705","Maintenance Specialist, Bldg/Facility/Const, Jrny 2/ Lead",79993.6282222222,54047.02,140973.58,45
"706","Maintenance Specialist, Electrical Utility, Journey 2/Lead",74558.28,74558.28,74558.28,1
"707","Maintenance Specialist, Electrician, Foreman",89732.04,89732.04,89732.04,1
"708","Maintenance Specialist, Electrician, Journey 2/Lead",81206.2768965517,53905.42,119724.14,29
"709","Maintenance Specialist, Electronics, Journey 2/Lead",77178.5757142857,65046.95,102737.93,21
"710","Maintenance Specialist, Plumbing, Journey 2/Lead",79040.0945454545,63303.39,130460.23,11
"711","Maintenance Specialist, Traffic Cntrl & Elec Sys, Foreman",98042.43,98042.43,98042.43,1
"712","Maintenance Specialist, Traffic Cntrl & Elec Sys, Jrny 2/Ld",74602.515,50002.25,99202.78,2
"713","Major, Department Of Public Safety",261506.93,246661.86,277277.85,3
"714","Manager, Airfield Maintenance",117414.88,117414.88,117414.88,1
"715","Marine Engineering Assistant Manager",105323.28,105323.28,105323.28,1
"716","Marine Pilot Coordinator",64128.94,64128.94,64128.94,1
"717","Marine Traffic Manager",115225.28,115225.28,115225.28,1
"718","Marine Transportation Services Manager",135066.373333333,127983.18,147155.09,3
"719","Marketing Communications Specialist",52300.99,52300.99,52300.99,1
"720","Master 01/02",156759.392666667,134027.38,194200.7,15
"721","Master, Lituya Class 01",182734.96,182734.96,182734.96,1
"722","Materials Laboratory Technician, Foreman",128079.48,128079.48,128079.48,1
"723","Materials Laboratory Technician, Journey",104585.465,103889.61,105281.32,2
"724","Materials Laboratory Technician, Sub-Journey 2",61414.96,61414.96,61414.96,1
"725","Materials Laboratory Technician, Sub-Journey 4",54108.78,54108.78,54108.78,1
"726","Mechanic, Automotive, Advanced Journey/Lead",76230.8195238095,49673.73,132340.73,84
"727","Mechanic, Automotive, Foreman 1",72368.185,67207.07,77529.3,2
"728","Mechanic, Automotive, Foreman 2",94557.7738461538,69891.84,115171.4,13
"729","Mechanic, Automotive, Journey",73676.36,63132.93,84219.79,2
"730","Mechanic, Rural Arff, Advanced Journey",92007.5375,74039.46,108009.28,8
"731","Mechanical Inspection Manager",99966.9,99966.9,99966.9,1
"732","Medicaid Program Associate",73398,73398,73398,1
"733","Medicaid Program Specialist 1",62462.45,52931.48,75747.68,14
"734","Medicaid Program Specialist 2",69433.87,52744.37,94604.92,11
"735","Medicaid Program Specialist 3",85365.7411764706,68871.44,107789.11,17
"736","Medicaid Program Specialist 4",99609.40625,71288.62,124328.66,24
"737","Medicaid Program Specialist 5",102902.354,88650.76,114251.61,5
"738","Medical Director",229789.846666667,186728.97,260678.45,3
"739","Medical Examiner/Assistant",224001.5,224001.5,224001.5,1
"740","Medical Examiner/Deputy",224654.97,224654.97,224654.97,1
"741","Medical Information And Services Assistant",51715.43,51715.43,51715.43,1
"742","Medical Officer",201176.69,102607.08,299746.3,2
"743","Medical Records Administrator",70549.92,70549.92,70549.92,1
"744","Medicolegal Investigator 2",60620.8166666667,57097.01,63488.47,3
"745","Medicolegal Investigator 3",83053.855,75364.24,90743.47,2
"746","Medicolegal Investigator 4",113298.38,113298.38,113298.38,1
"747","Mental Health Clinician 2",73522.4490909091,51939.46,98686.13,11
"748","Mental Health Clinician 3",92267.2542307692,60286.05,112508.96,26
"749","Mental Health Clinician 4",117356.08,117356.08,117356.08,1
"750","Mess Steward 77/97",69908.7466666667,50340.42,93601.03,6
"751","Microbiologist 2",61122.81,51226.82,72620.48,6
"752","Microbiologist 3",76149.23,76149.23,76149.23,1
"753","Microcomputer/Network Spec",83675.555,79648.36,87702.75,2
"754","Microcomputer/Network Specialist 1",72967.8140625,51542.2,104753.1,32
"755","Microcomputer/Network Specialist 2",88839.2925,63638.18,134795.48,20
"756","Microcomputer/Network Technician 1",52646.255,50138.43,55154.08,2
"757","Microcomputer/Network Technician 2",61763.13,50151.6,96329.33,30
"758","Microfilm/Imaging Operator 1",53132.66,51211.58,55053.74,2
"759","Microfilm/Imaging Operator 2",63425.0175,55701.83,71412.6,4
"760","Microfilm/Imaging Operator 3",61462.79,61462.79,61462.79,1
"761","Mis Administrator",113972.64,113972.64,113972.64,1
"762","Motor Vehicle Customer Services Representative 1",54196.05,50236.11,65238.36,5
"763","Motor Vehicle Customer Services Representative 2",65206.9377777778,50218.56,81452.2,9
"764","Motor Vehicle Customer Services Representative 3",68889.185,61902.44,75875.93,2
"765","Motor Vehicle Hearing Officer",90722.085,87710.52,93733.65,2
"766","Motor Vehicle Office Manager 1",60986.4571428571,50936.29,78763.42,7
"767","Motor Vehicle Office Manager 2",65964.552,56902.03,72077.51,5
"768","Motor Vehicle Office Manager 3",93979.78,93979.78,93979.78,1
"769","Museum Conservator",96129.72,96129.72,96129.72,1
"770","Museum Curator 2",96719.4675,81730.8,116395.48,4
"771","Museum Protection & Visitor Services Manager",51862.18,51862.18,51862.18,1
"772","Natural Resource Manager 1",83833.1209090909,66149.1,99550.77,11
"773","Natural Resource Manager 2",93545.4426666667,59294,118157.82,15
"774","Natural Resource Manager 3",101949.321538462,77840.73,120497.85,13
"775","Natural Resource Specialist 1",53078.816,49792.64,56949.05,5
"776","Natural Resource Specialist 2",60808.1919444444,50142.55,80783.68,36
"777","Natural Resource Specialist 3",74669.7825,55272.15,101670.72,56
"778","Natural Resource Specialist 4",94263.61375,71832.64,108996.62,8
"779","Natural Resource Specialist 5",86441.38,86441.38,86441.38,1
"780","Natural Resource Technician 2",54137.4,54137.4,54137.4,1
"781","Natural Resource Technician 3",65894.35,65894.35,65894.35,1
"782","Network Specialist 2",85767.4,85767.4,85767.4,1
"783","Network System Specialist",58580.2,58580.2,58580.2,1
"784","Notary Comm Administrator",61438.35,61438.35,61438.35,1
"785","Nurse 1",57398.4,57398.4,57398.4,1
"786","Nurse 2",100479.954285714,80582.94,118126.58,7
"787","Nurse 3",148781.28,148781.28,148781.28,1
"788","Nurse Consultant 1",105010.698888889,54408.3,136593.02,9
"789","Nurse Consultant 2",117001.436315789,56443.69,172559.91,19
"790","Nursing Administrator",201613.56,201613.56,201613.56,1
"791","Occupational Health & Safety Manager",108734.81,91099.59,126370.03,2
"792","Occupational Health And Safety Analyst",78638,78638,78638,1
"793","Occupational License Examiner",63007.5972222222,49764.23,94201.65,18
"794","Occupational Safety & Compliance Officer",72336.89,61720.48,85427.75,7
"795","Office Assistant 1",54251.305,50922.13,57580.48,2
"796","Office Assistant 2",57657.6844736842,49802.55,79527.89,38
"797","Office Assistant 3",55575.563,50169.3,62287.26,10
"798","Office Assistant 4",55176.976,50198.48,66542.39,10
"799","Offset Duplicating Machine Operator",53093.74,53093.74,53093.74,1
"800","Oil & Gas Revenue Audit Master",147715.2,147715.2,147715.2,1
"801","Oil And Gas Revenue Auditor 2",75852.27,64610.74,87093.8,2
"802","Oil And Gas Revenue Auditor 3",93429.1471428571,77283.56,106124,7
"803","Oil And Gas Revenue Auditor 4",110979.388333333,99934.8,129388.27,6
"804","Oil And Gas Revenue Specialist",115163.475,99127.17,131199.78,2
"805","Oiler 56/27",88185.4947619048,58835.72,128862.52,21
"806","Omb Executive Assistant",62669.53,62669.53,62669.53,1
"807","Operations Manager",144280.16,144280.16,144280.16,1
"808","Operations Research Analyst",80308.92,80308.92,80308.92,1
"809","Ordinary Seaman 45/44",84455.0342857143,55318.38,137278.05,21
"810","Ordinary Seaman Porter 48/49",75832.7028571429,57458.65,92059.94,7
"811","Outreach Administrator",65746.79,65746.79,65746.79,1
"812","Owned Assets Manager",110020.8,110020.8,110020.8,1
"813","P3 Manager",134530.26,101617.6,156509.15,3
"814","Paralegal 1",66841.2111111111,50181.2,93609.46,9
"815","Paralegal 2",66514.5984313725,51092.9,94892.23,51
"816","Park Ranger 1",76323.7322222222,50866.1,146705.24,9
"817","Park Ranger 2",90519.315,79928.35,108640.94,6
"818","Park Specialist",59607.365,54588.6,69894.31,4
"819","Park Superintendent",99802.9271428571,84824,119504.26,7
"820","Payroll Manager",102340.68,102340.68,102340.68,1
"821","Payroll Services Supervisor",94436.368,70475.56,122095.39,5
"822","Payroll Specialist 1",84761.52,84761.52,84761.52,1
"823","Payroll Specialist 2",82112.38,78181.92,84592.98,3
"824","Payroll/Personnel Assistant",55620.97,55620.97,55620.97,1
"825","Payroll/Personnel Officer",83174.47,83174.47,83174.47,1
"826","Petroleum Economic Policy Analyst",104463.28,104463.28,104463.28,1
"827","Petroleum Engineer",149108.36,149108.36,149108.36,1
"828","Petroleum Geologist 1",143157.66,121913.14,168924.17,4
"829","Petroleum Geologist 2",172977.34,172977.34,172977.34,1
"830","Petroleum Geologist Asst",76413,76413,76413,1
"831","Petroleum Geophysicist 1",151300.02,151300.02,151300.02,1
"832","Petroleum Inspector",157471.478333333,57351.49,184783,6
"833","Petroleum Land Manager",136110.72,127070.64,142336.47,5
"834","Petroleum Reservoir Engineer",134014.275,119810.86,148217.69,2
"835","Pfd Manager",99454.72,99454.72,99454.72,1
"836","Pfd Specialist 1",72498.0171428571,58908.28,93692.11,7
"837","Pfd Specialist 2",87550.16,82234.4,92865.92,2
"838","Pfd Technician 2",63437.885,54319.82,75105.67,4
"839","Pfd Technician 3",58146.215,50174.56,64765.91,8
"840","Pharmacist (Lead W/Adv Cert)",127438.8,89064,152330.8,5
"841","Pharmacy Technician",60334.11,59748.02,60920.2,2
"842","Physician Assistant/Advanced Practice Registered Nurse 1",139331.6485,105581.74,168375.52,20
"843","Physician Assistant/Advanced Practice Registered Nurse 2",257535.41,257535.41,257535.41,1
"844","Pilot 08/12",149125.62,149125.62,149125.62,1
"845","Pipe Line Coordinator",128988.57,128988.57,128988.57,1
"846","Planner 1",70633.47,70633.47,70633.47,1
"847","Planner 2",72706.6933333333,54879.36,94559.43,3
"848","Planner 3",88344.3092307692,58122.83,172740.87,13
"849","Planning Manager",77611.875,51584.67,103639.08,2
"850","Policy & Program Specialist",101979.46,101979.46,101979.46,1
"851","Policy & Programs Director",119101.4,119101.4,119101.4,1
"852","Policy Advisor",90944.73,90944.73,90944.73,1
"853","Policy Analyst",132107.305,129801.51,134413.1,2
"854","Port Captain",107575.39,105285.82,109864.96,2
"855","Preliminary Design & Environmental Manager",102381.87,102381.87,102381.87,1
"856","Procedures & Training Spec",63281.67,63281.67,63281.67,1
"857","Procurement Officer",76797.9,76797.9,76797.9,1
"858","Procurement Specialist 1",64166.3536363636,56617,89441.56,11
"859","Procurement Specialist 2",67609.8953333333,54553.6,81254.51,15
"860","Procurement Specialist 3",71580.5683333333,53568.36,100870.11,18
"861","Procurement Specialist 4",91732.318,77662.41,115897.57,10
"862","Procurement Specialist 5",101093.027,92115.52,108798.04,10
"863","Program Assistant",79498.86,79498.86,79498.86,1
"864","Program Budget Analyst 4",89590.81,85605.97,97060.28,3
"865","Program Budget Analyst 5",115446.93,115222.83,115671.03,2
"866","Program Coordinator",68635.752,59086.5,77260.87,5
"867","Program Coordinator 1",73134.76109375,54132.21,107646.82,64
"868","Program Coordinator 2",88021.4191891892,53926.51,126578.76,74
"869","Program Manager",101153.3775,81899.88,126225.48,8
"870","Programmer/Analyst",122250.7125,70122.11,145006.97,4
"871","Project Analyst",108662.72,92559.54,124765.9,2
"872","Project Assistant",68190.6822857143,50193.61,106332.14,35
"873","Project Controller Owned Assets",65110.2,65110.2,65110.2,1
"874","Project Coordinator",95862.9142857143,64505.21,129019.5,7
"875","Project Manager",91754.672,76471.15,114848.75,10
"876","Project Specialist",79935.75,79935.75,79935.75,1
"877","Protective Services Manager 1",111618.87,111618.87,111618.87,1
"878","Protective Services Specialist 2",69004.8477777778,53995.28,88904.44,9
"879","Protective Services Specialist 3",79744.329,61993.74,95062.3,10
"880","Protective Services Specialist 4",107357.515,102461.26,112253.77,2
"881","Psychiatric Nurse 2",117829.338333333,97356.64,136343.88,6
"882","Psychiatric Nurse 3",117115.45,68501.11,165729.79,2
"883","Public Advocate Utility Analyst 1",99101.675,73919.24,115152.27,4
"884","Public Assistance Analyst 1",68980.1925,55490.29,85743.76,8
"885","Public Assistance Analyst 2",79865.3347368421,59504.71,95669.58,19
"886","Public Assistance Field Services Manager 2",93966.5375,82369.27,102348.09,4
"887","Public Assistance Programs Officer",102805.919,87262.56,122597.97,10
"888","Public Defender",149160.86,149160.86,149160.86,1
"889","Public Guardian 1",53018.55,53018.55,53018.55,1
"890","Public Guardian 2",70786.9526666667,63756.93,89323.56,15
"891","Public Guardian 3",99039.04,75658.18,112076.96,5
"892","Public Guardian 4",131115.44,131115.44,131115.44,1
"893","Public Health Data Analyst",124211.22,124211.22,124211.22,1
"894","Public Health Informaticist 1",71841.555,56292.97,79618.74,4
"895","Public Health Informaticist 2",71992.1775,64974.11,78954.81,4
"896","Public Health Microbiologist 1",69458.1875,58436.46,82618.01,8
"897","Public Health Microbiologist 2",81967.456,73289.48,88898.49,5
"898","Public Health Microbiologist 3",128538.93,104932.42,152145.44,2
"899","Public Health Nurse 2",95090.040625,51388.68,128136.69,16
"900","Public Health Nurse 3",106522.432727273,57905.68,163302.04,22
"901","Public Health Nurse 4",134173.534285714,105483.31,185705.61,7
"902","Public Health Nurse 5",132141.474,118252.98,148777.25,5
"903","Public Health Nurse 6",110257.33,110257.33,110257.33,1
"904","Public Health Nurse Aide",55369.22,55369.22,55369.22,1
"905","Public Health Scientist",108029.425,93499.07,137842.22,4
"906","Public Health Specialist 1",66674.1233333333,58943.4,71476.92,6
"907","Public Health Specialist 2",81546.9120833333,55288.2,105305.37,24
"908","Public Relations Manager",91157.87,91157.87,91157.87,1
"909","Public Safety Technician 2",55235.0966666667,50188.5,61373.27,3
"910","Publications Specialist",55339.43,55339.43,55339.43,1
"911","Publications Specialist 1",52154.39,52154.39,52154.39,1
"912","Publications Specialist 2",70175.41375,57122.19,86510.98,16
"913","Publications Specialist 3",86323.6211764706,64955.38,116818.52,17
"914","Publications Technician 2",58587.065,54581.17,62592.96,2
"915","Radiological Health Physicist 2",90782.4,90782.4,90782.4,1
"916","Recorder 1",52366.66,52366.66,52366.66,1
"917","Recorder 2",55258.85,53135.73,57381.97,2
"918","Recorder Manager",87782.175,68667.29,106897.06,2
"919","Recorder Supervisor",60667.7733333333,51668.93,71214.76,3
"920","Records Analyst 2",64975.48,64975.48,64975.48,1
"921","Records And Licensing Supervisor",74127.4625,55800.58,88432.13,8
"922","Reemployment Benefits Administrator",93925.3,93925.3,93925.3,1
"923","Regional Asst Supervisor",77753.3175,64677.31,95948.61,4
"924","Regional Engineering Geologist",139130.1,128176.08,150084.12,2
"925","Regional Safety & Airport Security Officer",90589.4266666667,79599.94,109408.71,3
"926","Regulation & Initiative Specialist",77776.2,77776.2,77776.2,1
"927","Regulations Specialist 2",106575.54,106575.54,106575.54,1
"928","Research Analyst 1",69201.16,69201.16,69201.16,1
"929","Research Analyst 2",66086.284375,50761.82,88388.56,16
"930","Research Analyst 3",73948.1035294118,51865.74,102551.8,34
"931","Research Analyst 4",100550.212,84647.02,125289.74,10
"932","Research&Planning Proj Leader",88770.91,88770.91,88770.91,1
"933","Reservation Call Center Supervisor",82407.86,82407.86,82407.86,1
"934","Retirement & Benefits Specialist 1",62864.4444444444,51060.28,79247.19,9
"935","Retirement & Benefits Specialist 2",79476.0263157895,61783.07,94848.24,19
"936","Retirement & Benefits Specialist 3",105885.396,98410.04,119734.01,5
"937","Retirement & Benefits Technician 1",53726.08,53726.08,53726.08,1
"938","Retirement & Benefits Technician 2",56703.636,49878.28,69553.37,15
"939","Retirement And Benefits Manager",110435.8,110435.8,110435.8,1
"940","Revenue Appeals Officer 2",132812.8,132812.8,132812.8,1
"941","Revenue Appeals Supervisor",166024.23,166024.23,166024.23,1
"942","Revenue Audit Supervisor 1",156577.47,156577.47,156577.47,1
"943","Revenue Audit Supervisor 2",148307.726666667,131971.22,167662.38,3
"944","Right-Of-Way Agent 1",52123.905,52022.86,52224.95,2
"945","Right-Of-Way Agent 2",66716.4642857143,52922.11,77197,7
"946","Right-Of-Way Agent 3",73443.1827777778,61035.69,82266.99,18
"947","Right-Of-Way Agent 4",95041.8975,89398.82,98166.08,4
"948","Right-Of-Way Agent 5",97667.15,97667.15,97667.15,1
"949","Right-Of-Way Agent 6",125813.415,119562.88,132063.95,2
"950","Rural Airport Foreman",125699.6075,91946.74,159178.12,16
"951","Rural Electric Utility Worker",100720.81,94954.41,106487.21,2
"952","Rural Programs Manager",123727.92,123727.92,123727.92,1
"953","Safety & Emergency Support Specialist",90127.64,90127.64,90127.64,1
"954","Safety Inspection & Compliance, Electrical Inspector",77979.32,76908.92,79049.72,2
"955","Safety Inspection & Compliance, Elevator Inspector",88616.13,85574.75,91657.51,2
"956","Safety Inspection & Compliance, Plumbing Inspector",71180.32,70717.12,71643.52,2
"957","Safety Officer",80398.8533333333,64272.8,104885.29,3
"958","School Finance Manager",148725.66,148725.66,148725.66,1
"959","School Finance Specialist 2",91403.382,87026.7,98900.31,5
"960","Second Asst Engineer 18/19",121713.569285714,51672.43,163842.24,14
"961","Second Cook 67/94",77344.2214285714,54730.21,88887.61,7
"962","Second Mate 06/13",123531.195555556,104600.22,160206.6,9
"963","Second Steward 64",75735.61,64937.47,94447.73,3
"964","Secretary",65210.82,65210.82,65210.82,1
"965","Senior Asst Purser 28",82539.1666666667,73902.59,98708.04,3
"966","Senior Contracting Officer",101199.9,101199.9,101199.9,1
"967","Senior Director Of Global Marketing And Strategy",147998.19,147998.19,147998.19,1
"968","Senior Evaluation And Planning Officer",134125.64,134125.64,134125.64,1
"969","Senior Infrastructure Engineer",111335.79,111335.79,111335.79,1
"970","Senior Loan Servicer",53222.9,53222.9,53222.9,1
"971","Senior Petroleum Engineer",172898.052,172847.56,172983.75,5
"972","Senior Petroleum Geologist",175931.955,172415.6,179448.31,2
"973","Senior Policy Advisor",164026.76,164026.76,164026.76,1
"974","Senior Program Officer",126397.89,126397.89,126397.89,1
"975","Senior Reservoir Engineer",172415.53,172415.53,172415.53,1
"976","Sergeant, Department Of Public Safety",193896.873676471,134736.91,407815.94,68
"977","Social Services Program Coordinator",122301.63,93665.56,170083.52,3
"978","Social Services Program Officer",99918.55,99918.55,99918.55,1
"979","Special Agent",100540.68,95905.5,116270,7
"980","Special Assistant",96861.78,73248.46,129731.05,4
"981","Special Assistant To The Commissioner 1",87051.49,73484.55,99937.05,4
"982","Special Assistant To The Commissioner 2",103654.91,70513.18,150189.4,13
"983","Special Investigator 1",96298.9275,77989.69,138948.49,8
"984","Special Investigator 2",99102.29,99102.29,99102.29,1
"985","Special Project Assistant",109688,109688,109688,1
"986","Special Project Liaison",91425.3,91425.3,91425.3,1
"987","Special Project Manager",82461.44,82461.44,82461.44,1
"988","Special Projects Assistant",69574.44,69574.44,69574.44,1
"989","Staff Manager, Oit",164160.74,164160.74,164160.74,1
"990","Staff Physician",132461.535,76524.39,199454.26,4
"991","State Accountant",104900.66,104900.66,104900.66,1
"992","State Ada Coordinator",77838.4,77838.4,77838.4,1
"993","State Archivist",113231.54,113231.54,113231.54,1
"994","State Assessor",98696.85,98696.85,98696.85,1
"995","State Chief Information Officer",188207.84,188207.84,188207.84,1
"996","State Demographer",114297.92,114297.92,114297.92,1
"997","State Equipment Fleet Manager",117557.84,117557.84,117557.84,1
"998","State Investment Officer",189356.4515,73952.92,400610.71,20
"999","State Leasing & Facilities Manager",123606.66,123606.66,123606.66,1
"1000","State Logistics Center Coordinator",118670.87,116732.13,120609.61,2
"1001","State Medical Examiner/Chief",246000.71,246000.71,246000.71,1
"1002","State Metrologist 1",61435.52,61435.52,61435.52,1
"1003","State Metrologist 2",86080.58,86080.58,86080.58,1
"1004","State Petroleum Property Assessor",154702.49,154702.49,154702.49,1
"1005","State Recorder",116650.51,116650.51,116650.51,1
"1006","State Trooper",154676.387975207,59137.57,311242.62,242
"1007","State Trooper Recruit",74039.8125,70539.74,83550.16,4
"1008","State Veterinarian",149126.55,149126.55,149126.55,1
"1009","Statistical Technician 2",67644.9666666667,64492.96,71408,3
"1010","Steward 81/17",68307.1840740741,49773.04,103666.31,54
"1011","Stock & Parts Services 1",54564.535,52606.08,56522.99,2
"1012","Stock & Parts Services 2",56146.544,52564.49,60435.3,5
"1013","Stock & Parts Services 3",67989.8266666667,50701.47,85501.75,18
"1014","Stock & Parts Services 4",67613.6444444444,51466.73,79437.93,9
"1015","Storekeeper 65",90334.865,78450.17,102219.56,2
"1016","Sub Teacher - Avtec",86040,86040,86040,1
"1017","Subsistence Program Manager",100283.933333333,90773.99,112330.52,3
"1018","Subsistence Resource Specialist 1",57713.17,57713.17,57713.17,1
"1019","Subsistence Resource Specialist 2",53296.385,50019.5,56573.27,2
"1020","Subsistence Resource Specialist 3",71782.7625,55204.73,91297.8,4
"1021","Substance Abuse And Behavior Health Counselor",66782.24,66782.24,66782.24,1
"1022","Supervisor, Audit Operations",75208.99,75208.99,75208.99,1
"1023","Supervisor, Unemployment Insurance Tax",99163.76,99163.76,99163.76,1
"1024","Supply Technician",49721.8,49721.8,49721.8,1
"1025","Supply Technician 2",54417.0133333333,50761.3,60692.22,3
"1026","Survey Instrument Technician 2",74510.38,74510.38,74510.38,1
"1027","Survey, Journey",67486.778,54060.66,84107.18,5
"1028","Survey, Lead",98807.6171428571,71639.03,137118.37,7
"1029","Survey, Sub-Journey 2",51767.46,51767.46,51767.46,1
"1030","Systems Programmer 1",83678.9145454546,52301.08,113922.71,11
"1031","Systems Programmer 2",104303.552391304,78337.5,139393.41,46
"1032","Systems Programmer 3",127522.988518519,92979.6,177282.46,27
"1033","Systems Programmer 4",127726.4925,75946.05,150388.97,4
"1034","Systems Support Manager",117944.92,117944.92,117944.92,1
"1035","Tax Auditor 1",50172.69,50172.69,50172.69,1
"1036","Tax Auditor 2",52809.53,52809.53,52809.53,1
"1037","Tax Auditor 3",99240.1166666667,85371,124299.81,3
"1038","Tax Auditor 4",94709.8125,86474.96,105327.01,4
"1039","Tax Technician 3",59590.47,56669.08,64693.5,3
"1040","Tax Technician 4",63323.24,50716.96,75929.52,2
"1041","Teacher - Avtec",96367.5233333333,81632.6,108317.45,3
"1042","Teacher, Mt Edgecumbe Hs",86687.4343478261,55108.7,116747.71,23
"1043","Technical Engineer 2/ Architect 2",148912.557857143,75201.94,200041.5,14
"1044","Technical Engineer I/Architect 1",125714.00952381,91329.58,189080.94,21
"1045","Telecommunications Planner",84377.5,84377.5,84377.5,1
"1046","Third Asst Engineer 21/22",98767.4386666667,51243.94,135469.96,15
"1047","Third Mate 07/14",101212.031785714,51411.64,176862.13,28
"1048","Training Coordinator, Alaska Police Standards Council",81885.45,81885.45,81885.45,1
"1049","Training Specialist 1",63631.8471428571,49996.76,86558.86,7
"1050","Training Specialist 2",72135.205,62559.78,82643.94,10
"1051","Training Specialist 3",103402.0475,88057.24,122411.63,4
"1052","Transalaska Pipeline Fire Safety Specialist",82582.93,82582.93,82582.93,1
"1053","Transfer Officer",67628.21,67628.21,67628.21,1
"1054","Transportation Planner 1",88977.674,61393.83,135033.24,15
"1055","Transportation Planner 2",123094.0975,90499.85,155102.96,4
"1056","Transportation Planner 3",125132.294285714,79596.08,165951.68,7
"1057","Tribal Liaison",94880.09,94880.09,94880.09,1
"1058","Trust Program Officer",108478.773333333,101557.51,117818.11,3
"1059","Trust Resource Manager",99933.4892307692,51214.25,193059.47,13
"1060","Unclaimed Property Agent",59436.55,59436.55,59436.55,1
"1061","Unclaimed Property Manager",85919.55,85919.55,85919.55,1
"1062","Unemployment Insurance Claim Center Manager 2",114408.57,100985.05,127832.09,2
"1063","Unemployment Insurance Quality Control Auditor",64325.4757142857,51939.91,74639.54,7
"1064","Unemployment Insurance Quality Control Supervisor",68502.68,68502.68,68502.68,1
"1065","Unemployment Insurance Technician 1",59898.7958823529,49771.74,77441.74,17
"1066","Unemployment Insurance Technician 2",52511.295,49793.1,58337.55,4
"1067","Unemployment Insurance Technician 3",72688.8357142857,50684.93,80760.12,7
"1068","Usda Food Aid Prog Coordinator",113254.64,113254.64,113254.64,1
"1069","Utility Financial Analyst 2",85878.03,85878.03,85878.03,1
"1070","Utility Financial Analyst 3",100716.78,100716.78,100716.78,1
"1071","Utility Financial Analyst 4",112539.93,112539.93,112539.93,1
"1072","Utility Master Analyst",127945.02,127945.02,127945.02,1
"1073","Utility Tariff Analyst 2",60632.51,60632.51,60632.51,1
"1074","Utility Tariff Analyst 3",85019.07,85019.07,85019.07,1
"1075","Vessel Construction Manager 3",142855.76,124628.8,161082.72,2
"1076","Vessel Scheduling Coordinator",79445.68,79445.68,79445.68,1
"1077","Vessel Supervisor",93048.65,93048.65,93048.65,1
"1078","Vessel Technician",91843.47,71232.46,116085.39,3
"1079","Veterans Affairs Administrator",134159.51,134159.51,134159.51,1
"1080","Veterinary Epidemiologist",174708.41,174708.41,174708.41,1
"1081","Victim/Witness Paralegal 1",66327.53,66327.53,66327.53,1
"1082","Victim/Witness Paralegal 2",68410.8473076923,50411.7,95153.62,26
"1083","Village Safe Water Engineer 1",92807.36,92807.36,92807.36,1
"1084","Village Safe Water Engineer 2",111755.765,94277.23,129234.3,2
"1085","Village Safe Water Engineering Associate",93721.26,78337.32,109105.2,2
"1086","Visual Information Specialist",85958.09,84190.08,87726.1,2
"1087","Vocational Instructor",63013.93,55088.93,69570.97,7
"1088","Vocational Rehabilitation Assistant 2",53850.67,51959.74,55741.6,2
"1089","Vocational Rehabilitation Assistant 3",59516.3666666667,54590.77,65270.98,3
"1090","Vocational Rehabilitation Counselor 1",49814.68,49814.68,49814.68,1
"1091","Vocational Rehabilitation Counselor 2",61596.22,57476.79,69075.82,4
"1092","Vocational Rehabilitation Counselor 3",88309.415,61955.66,111552.56,24
"1093","Vocational Rehabilitation Manager",101362.676,77370.09,123512.36,5
"1094","Wage-Hour Technician",50585.32,50585.32,50585.32,1
"1095","Watchman Porter 50/31",72928,55221.27,90460.79,9
"1096","Weights & Measures Inspector 2",64446.075,59336.14,69556.01,2
"1097","Wildland Fire And Resource Technician 1",50290.38,50148.14,50432.62,2
"1098","Wildland Fire And Resource Technician 2",62522.1575,51144.23,97887.01,16
"1099","Wildland Fire And Resource Technician 3",70710.6475609756,49885.19,113654.64,41
"1100","Wildland Fire And Resource Technician 4",96857.2757142857,61581.68,177389.7,14
"1101","Wildland Fire And Resource Technician 5",98247.83,63438.5,135185.71,7
"1102","Wildland Fire Dispatcher 1",58087.6033333333,51841.45,63741.24,3
"1103","Wildland Fire Dispatcher 2",65660.07,52048.55,88693.47,3
"1104","Wildland Fire Dispatcher 3",75162.0533333333,63111.12,87531.48,3
"1105","Wildland Fire Support Services 1",56214.9475,51186.97,67862.56,4
"1106","Wildland Fire Support Services 2",68965.275,64500.9,73429.65,2
"1107","Wildland Fire Support Services 3",68977.88,67496.07,70459.69,2
"1108","Wildland Fire Support Services 4",90278.48,64734,116379.54,3
"1109","Wildland Fire Support Services 5",144340.64,144340.64,144340.64,1
"1110","Wildland Forestry Technician 2",103576.47,103576.47,103576.47,1
"1111","Wildland Forestry Technician 3",76727.455,73994.53,79460.38,2
"1112","Wildlife Biologist 1",66843.6081818182,51360.41,79388.72,11
"1113","Wildlife Biologist 2",73866.469047619,54583.86,91819.72,21
"1114","Wildlife Biologist 3",89244.8679591837,61785.21,137054.44,49
"1115","Wildlife Biologist 4",111993.884615385,84809.7,152603.82,13
"1116","Wildlife Physiologist 2",92980.7133333333,70027.26,105514.03,3
"1117","Wildlife Scientist 1",110218.32,110218.32,110218.32,1
"1118","Wildlife Scientist 2",128866.61,128866.61,128866.61,1
"1119","Wildlife Veterinarian",128195.65,128195.65,128195.65,1
"1120","Wiper 60/59/33",103539.105,66806.03,138436.81,4
"1121","Workers Compensation Hearing Officer 2",118206.4875,98251.34,129354.47,4
"1122","Workers Compensation Officer 1",78696.4,78696.4,78696.4,1
"1123","Workers Compensation Officer 2",81595.2283333333,61799.97,95477.06,6
"1124","Workers Compensation Technician",52793.93,52793.93,52793.93,1
